timestamp,age,gender,face_id
2018-03-12 16:21:15,22.7592,M,0
2018-03-12 16:21:17,21.9729,M,0
2018-03-12 16:21:20,21.9522,M,0
2018-03-12 16:21:23,22.9175,M,0
2018-03-12 16:21:26,24.8195,M,0
2018-03-12 16:21:29,25.0687,M,0
2018-03-12 16:21:32,26.095,M,0
2018-03-12 16:21:42,21.2115,M,0
2018-03-12 16:21:45,20.8916,M,0
2018-03-12 16:21:48,22.3092,M,0
2018-03-12 16:21:50,22.7844,M,0
2018-03-12 16:21:54,21.6652,M,0
2018-03-12 16:21:56,23.2254,M,0
2018-03-12 16:21:59,23.897,M,0
2018-03-12 16:22:03,22.3147,M,0
2018-03-12 16:22:06,22.9994,M,0
2018-03-12 16:22:09,21.6439,M,0
2018-03-12 16:22:12,22.6651,M,0
2018-03-12 16:22:15,24.1607,M,0
2018-03-12 16:22:17,23.8739,M,0
2018-03-12 16:22:20,24.7881,M,0
2018-03-12 16:22:23,24.4106,M,0
2018-03-12 16:22:26,24.1261,M,0
2018-03-12 16:22:29,22.9541,M,0
2018-03-12 16:22:32,22.8301,M,0
2018-03-12 16:22:35,23.4273,M,0
2018-03-12 16:22:38,23.1292,M,0
2018-03-12 16:22:41,22.7069,M,0
2018-03-12 16:22:44,23.8926,M,0
2018-03-12 16:22:47,23.0183,M,0
2018-03-12 16:22:50,23.3218,M,0
2018-03-12 16:22:52,22.3146,M,0
2018-03-12 16:22:54,22.5428,M,0
2018-03-12 16:22:57,22.545,M,0
2018-03-12 16:23:01,24.5832,M,0
2018-03-12 16:23:04,26.0862,M,1
2018-03-12 16:23:11,25.8575,M,0
2018-03-12 16:23:13,24.864,M,0
2018-03-12 16:23:15,22.8803,M,0
2018-03-12 16:23:18,23.4924,M,0
2018-03-12 16:23:19,24.6185,M,0
2018-03-12 16:23:21,23.6402,M,0
2018-03-12 16:23:23,24.1267,M,0
2018-03-12 16:23:26,23.6409,M,0
2018-03-12 16:23:28,23.6347,M,0
2018-03-12 16:23:30,22.6472,M,0
2018-03-12 16:23:31,22.7522,M,0
2018-03-12 16:23:33,22.9474,M,0
2018-03-12 16:23:35,22.4528,M,0
2018-03-12 16:23:38,22.9666,M,0
2018-03-12 16:23:40,22.0661,M,0
2018-03-12 16:23:44,21.9454,M,0
2018-03-12 16:23:47,22.0582,M,0
2018-03-12 16:23:50,22.0868,M,0
2018-03-12 16:23:51,22.163,M,0
2018-03-12 16:23:54,21.7946,M,0
2018-03-12 16:23:57,21.9146,M,0
2018-03-12 16:24:00,22.0755,M,0
2018-03-12 16:24:03,21.7391,M,0
2018-03-12 16:24:06,21.4459,M,0
2018-03-12 16:24:09,22.3014,M,0
2018-03-12 16:24:11,24.7528,F,2
2018-03-12 16:24:18,26.1509,M,2
2018-03-12 16:25:02,29.8072,M,2
2018-03-12 16:25:04,30.7701,M,2
2018-03-12 16:25:06,28.0146,M,2
2018-03-12 16:25:08,27.3762,F,2
2018-03-12 16:25:12,22.6743,F,3
2018-03-12 16:25:15,25.0233,M,3
2018-03-12 16:25:19,22.3909,F,3
2018-03-12 16:26:22,20.8023,M,4
2018-03-12 16:26:24,20.5637,M,4
2018-03-12 16:26:26,20.8346,M,4
2018-03-12 16:26:27,21.0064,M,4
2018-03-12 16:26:30,20.6552,M,4
2018-03-12 16:26:33,20.7,M,4
2018-03-12 16:26:35,21.5548,M,4
2018-03-12 16:26:37,20.1862,M,4
2018-03-12 16:26:39,20.1995,M,4
2018-03-12 16:26:41,19.9654,M,4
2018-03-12 16:26:44,20.0134,M,4
2018-03-12 16:26:47,18.5637,M,4
2018-03-12 16:26:53,25.5689,M,5
2018-03-12 16:26:55,23.0374,M,0
2018-03-12 16:26:57,23.8614,M,0
2018-03-12 16:26:59,26.5471,M,0
2018-03-12 16:27:02,26.4968,M,0
2018-03-12 16:27:04,29.195,M,6
2018-03-12 16:27:05,28.8033,M,6
2018-03-12 16:27:08,27.3349,M,6
2018-03-12 16:27:10,27.7812,M,0
2018-03-12 16:27:13,24.4544,M,6
2018-03-12 16:27:15,24.3085,M,6
2018-03-12 16:27:17,27.3676,M,6
2018-03-12 16:28:21,29.8227,M,5
2018-03-12 16:28:25,29.0848,M,5
2018-03-12 16:32:35,31.0012,M,7
2018-03-12 16:32:38,32.5121,M,7
2018-03-12 16:32:49,28.3373,M,8
2018-03-12 16:33:01,31.98,M,8
2018-03-12 16:33:04,33.7545,M,8
2018-03-12 16:33:06,32.4404,M,8
2018-03-12 16:33:08,28.8663,M,0
2018-03-12 16:33:13,34.9261,M,8
2018-03-12 16:33:16,30.7575,M,6
2018-03-12 16:33:21,32.1132,M,0
2018-03-12 16:33:29,30.9204,M,8
2018-03-12 16:33:33,26.4137,M,8
2018-03-12 16:33:35,32.8595,M,9
2018-03-12 16:33:39,26.0977,M,8
2018-03-12 16:33:43,30.3393,M,8
2018-03-12 16:33:44,29.9654,M,4
2018-03-12 16:33:46,28.3953,M,8
2018-03-12 16:33:47,30.901,M,7
2018-03-12 16:33:50,29.9384,M,8
2018-03-12 16:33:52,32.8718,M,7
2018-03-12 16:33:53,28.1909,M,8
2018-03-12 16:33:56,32.6383,M,9
2018-03-12 16:34:00,29.4543,M,8
2018-03-12 16:34:01,30.2315,M,7
2018-03-12 16:34:05,35.4611,M,9
2018-03-12 16:34:09,32.6204,M,7
2018-03-12 16:34:13,29.9582,M,7
2018-03-12 16:34:18,26.4519,M,8
2018-03-12 16:34:23,27.3858,M,8
2018-03-12 16:34:27,28.0401,M,8
2018-03-12 16:34:33,28.3727,M,8
2018-03-12 16:34:38,28.7362,M,8
2018-03-12 16:34:45,27.6454,M,8
2018-03-12 16:34:47,31.1856,M,10
2018-03-12 16:34:50,27.2279,M,8
2018-03-12 16:34:55,32.6723,F,10
2018-03-12 16:34:57,26.2423,M,11
2018-03-12 16:34:59,29.9226,F,12
2018-03-12 16:35:01,33.1114,F,10
2018-03-12 16:35:02,30.0838,M,8
2018-03-12 16:35:04,24.2736,M,7
2018-03-12 16:35:05,30.933,F,3
2018-03-12 16:35:07,23.4053,M,7
2018-03-12 16:35:08,30.2827,M,8
2018-03-12 16:35:10,30.9724,F,3
2018-03-12 16:35:12,23.8141,M,7
2018-03-12 16:35:13,32.1504,M,8
2018-03-12 16:35:15,27.5682,F,3
2018-03-12 16:35:16,25.8261,M,8
2018-03-12 16:35:18,25.1423,M,7
2018-03-12 16:35:20,27.753,F,3
2018-03-12 16:35:21,24.4322,M,8
2018-03-12 16:35:23,24.9018,M,7
2018-03-12 16:35:24,27.1483,F,3
2018-03-12 16:35:26,24.5896,M,8
2018-03-12 16:35:27,34.2007,M,7
2018-03-12 16:35:30,26.6617,F,3
2018-03-12 16:35:32,27.2289,M,8
2018-03-12 16:35:34,24.1762,F,3
2018-03-12 16:35:36,32.8322,F,10
2018-03-12 16:35:37,31.9458,M,8
2018-03-12 16:35:40,24.2935,F,3
2018-03-12 16:35:42,32.8301,F,10
2018-03-12 16:35:43,30.2461,M,8
2018-03-12 16:35:46,26.1937,F,3
2018-03-12 16:35:47,31.1187,F,10
2018-03-12 16:35:50,28.3921,M,8
2018-03-12 16:35:53,26.836,F,2
2018-03-12 16:35:56,30.063,M,8
2018-03-12 16:35:59,26.8389,F,2
2018-03-12 16:36:02,23.7972,M,8
2018-03-12 16:36:05,24.737,F,3
2018-03-12 16:36:08,26.5116,M,8
2018-03-12 16:36:11,25.3753,F,3
2018-03-12 16:36:15,32.6602,M,8
2018-03-12 16:36:18,24.7335,F,3
2018-03-12 16:36:20,27.0503,M,8
2018-03-12 16:36:23,25.4816,F,3
2018-03-12 16:36:24,31.9714,M,8
2018-03-12 16:36:28,29.7779,M,8
2018-03-12 16:36:32,31.4315,M,8
2018-03-12 16:36:36,30.7829,M,8
2018-03-12 16:36:39,28.309,M,8
2018-03-12 16:36:42,27.5428,M,8
2018-03-12 16:36:45,28.9368,M,8
2018-03-12 16:36:48,25.3277,M,8
2018-03-12 16:36:51,26.479,M,11
2018-03-12 16:36:53,27.8496,M,11
2018-03-12 16:37:13,30.884,F,13
2018-03-12 16:37:16,36.2989,M,14
2018-03-12 16:37:18,27.8223,F,13
2018-03-12 16:37:23,25.5665,F,0
2018-03-12 16:37:27,24.705,F,0
2018-03-12 16:37:32,24.8015,F,0
2018-03-12 16:37:37,22.4293,M,0
2018-03-12 16:37:44,22.4292,M,0
2018-03-12 16:37:47,35.7112,F,14
2018-03-12 16:37:50,24.2447,F,0
2018-03-12 16:37:56,21.3311,M,0
2018-03-12 16:37:59,36.1839,F,14
2018-03-12 16:38:02,23.5907,F,0
2018-03-12 16:38:04,34.5454,F,14
2018-03-12 16:38:08,35.9107,F,14
2018-03-12 16:38:18,35.9838,F,14
2018-03-12 16:38:23,35.4617,F,14
2018-03-12 16:38:29,35.5179,M,14
2018-03-12 16:38:49,23.0255,M,0
2018-03-12 16:38:53,23.9051,M,0
2018-03-12 16:38:56,24.1071,M,0
2018-03-12 16:39:00,24.4688,M,0
2018-03-12 16:39:04,23.064,M,0
2018-03-12 16:39:08,22.7186,M,0
2018-03-12 16:39:13,22.502,M,0
2018-03-12 16:39:16,32.0595,M,15
2018-03-12 16:39:20,30.2094,M,15
2018-03-12 16:39:28,22.9644,M,0
2018-03-12 16:39:30,37.506,M,6
2018-03-12 16:39:31,29.9269,M,6
2018-03-12 16:39:33,24.3523,M,0
2018-03-12 16:39:37,24.302,M,0
2018-03-12 16:39:41,23.272,M,0
2018-03-12 16:39:45,23.124,M,0
2018-03-12 16:39:51,23.3768,M,0
2018-03-12 16:39:56,23.6832,M,0
2018-03-12 16:40:02,23.0744,F,0
2018-03-12 16:41:27,25.7432,M,16
2018-03-12 16:41:28,28.9326,M,16
2018-03-12 16:41:30,32.0403,M,16
2018-03-12 16:41:32,22.2214,M,16
2018-03-12 16:41:34,20.954,M,16
2018-03-12 16:41:36,23.4086,M,16
2018-03-12 16:41:38,23.0602,M,16
2018-03-12 16:41:40,27.975,M,16
2018-03-12 16:41:42,31.224,M,16
2018-03-12 16:41:43,31.5961,M,16
2018-03-12 16:41:45,29.0894,M,16
2018-03-12 16:41:48,28.3231,M,16
2018-03-12 16:41:50,29.6777,M,16
2018-03-12 16:41:51,30.2085,M,16
2018-03-12 16:41:53,30.0964,M,16
2018-03-12 16:41:55,30.4068,M,16
2018-03-12 16:41:57,28.9219,M,16
2018-03-12 16:41:59,23.5421,M,16
2018-03-12 16:42:01,23.8999,M,16
2018-03-12 16:42:03,24.7772,M,16
2018-03-12 16:42:05,26.8751,M,16
2018-03-12 16:42:07,28.1912,M,16
2018-03-12 16:42:08,22.6234,M,16
2018-03-12 16:42:10,24.6475,M,0
2018-03-12 16:42:12,24.5816,M,0
2018-03-12 16:42:14,27.6087,M,16
2018-03-12 16:42:16,28.3666,M,16
2018-03-12 16:42:18,26.936,M,16
2018-03-12 16:42:20,28.3484,M,16
2018-03-12 16:42:21,25.5091,M,16
2018-03-12 16:42:23,26.78,M,16
2018-03-12 16:42:25,28.3898,M,16
2018-03-12 16:42:27,28.4478,M,16
2018-03-12 16:42:28,26.6402,M,16
2018-03-12 16:42:30,26.2152,M,0
2018-03-12 16:42:32,27.7298,M,16
2018-03-12 16:42:34,27.0854,M,16
2018-03-12 16:42:35,22.8099,M,16
2018-03-12 16:42:38,24.8283,M,16
2018-03-12 16:42:40,24.9241,M,16
2018-03-12 16:42:42,27.3616,M,16
2018-03-12 16:42:43,27.589,M,16
2018-03-12 16:42:45,31.1776,M,16
2018-03-12 16:42:48,30.4001,M,16
2018-03-12 16:42:51,30.5566,M,16
2018-03-12 16:42:53,31.5425,M,16
2018-03-12 16:42:54,28.0411,M,16
2018-03-12 16:42:56,27.2495,M,16
2018-03-12 16:42:58,26.2095,M,16
2018-03-12 16:43:00,23.113,M,16
2018-03-12 16:43:01,23.1745,M,16
2018-03-12 16:43:03,28.7169,M,16
2018-03-12 16:43:05,28.6666,M,16
2018-03-12 16:43:07,28.1675,M,16
2018-03-12 16:43:08,25.5622,M,16
2018-03-12 16:43:10,24.9795,M,16
2018-03-12 16:43:12,23.0845,M,16
2018-03-12 16:43:14,23.3723,M,16
2018-03-12 16:43:16,22.1711,M,16
2018-03-12 16:43:20,23.048,M,16
2018-03-12 16:43:23,22.373,M,16
2018-03-12 16:43:25,20.6992,M,0
2018-03-12 16:43:28,22.4934,M,16
2018-03-12 16:43:32,27.5452,M,16
2018-03-12 16:43:33,27.5488,M,16
2018-03-12 16:43:35,25.502,M,16
2018-03-12 16:43:37,25.0643,M,16
2018-03-12 16:43:38,25.2742,M,16
2018-03-12 16:43:40,24.1707,M,16
2018-03-12 16:43:42,21.9083,M,16
2018-03-12 16:43:44,23.7593,M,16
2018-03-12 16:43:45,22.6943,M,16
2018-03-12 16:43:47,22.0924,M,16
2018-03-12 16:43:50,19.795,M,16
2018-03-12 16:43:52,18.2864,M,16
2018-03-12 16:43:54,18.9946,M,16
2018-03-12 16:43:55,19.0546,M,16
2018-03-12 16:44:00,17.5524,M,16
2018-03-12 16:44:02,18.336,M,16
2018-03-12 16:44:03,18.7844,M,16
2018-03-12 16:44:05,19.8134,M,16
2018-03-12 16:44:07,19.5634,M,16
2018-03-12 16:44:09,18.7995,M,16
2018-03-12 16:44:10,19.3604,M,16
2018-03-12 16:44:13,21.1727,M,16
2018-03-12 16:44:15,19.9519,M,16
2018-03-12 16:44:22,20.4488,M,16
2018-03-12 16:44:31,24.3159,M,7
2018-03-12 16:44:34,25.6394,M,16
2018-03-12 16:44:38,28.0534,M,16
2018-03-12 16:44:42,28.0841,M,16
2018-03-12 16:45:08,29.6729,M,0
2018-03-12 16:45:12,28.388,M,0
2018-03-12 16:45:14,29.3032,M,0
2018-03-12 16:45:16,31.1634,M,0
2018-03-12 16:45:19,28.4951,M,0
2018-03-12 16:45:21,30.2546,M,0
2018-03-12 16:45:24,29.7121,M,0
2018-03-12 16:46:19,22.7119,M,17
2018-03-12 16:46:24,22.4057,M,17
2018-03-12 16:46:27,22.4656,M,17
2018-03-12 16:46:29,18.8302,M,17
2018-03-12 16:46:32,18.5553,M,17
2018-03-12 16:46:36,16.5874,M,17
2018-03-12 16:46:38,16.6129,M,17
2018-03-12 16:46:42,16.3985,M,17
2018-03-12 16:46:45,16.7868,M,17
2018-03-12 16:46:48,18.4606,M,17
2018-03-12 16:46:52,17.3619,M,17
2018-03-12 16:46:54,18.6269,M,17
2018-03-12 16:46:57,19.7519,M,17
2018-03-12 16:47:00,22.1802,M,17
2018-03-12 16:47:01,16.9888,M,17
2018-03-12 16:47:04,19.5295,M,17
2018-03-12 16:47:07,25.5495,M,18
2018-03-12 16:47:18,20.0029,M,17
2018-03-12 16:47:20,17.2983,M,17
2018-03-12 16:47:22,18.9433,M,17
2018-03-12 16:47:24,18.1415,M,17
2018-03-12 16:47:27,18.4328,M,17
2018-03-12 16:47:28,19.2375,M,17
2018-03-12 16:47:31,22.3535,M,17
2018-03-12 16:47:33,17.9915,M,17
2018-03-12 16:47:35,17.8079,M,17
2018-03-12 16:47:36,21.8949,M,17
2018-03-12 16:47:39,21.762,M,17
2018-03-12 16:47:41,20.2707,M,17
2018-03-12 16:47:43,18.7,M,17
2018-03-12 16:47:45,17.3867,M,17
2018-03-12 16:47:48,17.4962,M,17
2018-03-12 16:47:49,17.6117,M,17
2018-03-12 16:47:52,17.5891,M,17
2018-03-12 16:47:54,19.9278,M,17
2018-03-12 16:47:56,22.3447,M,17
2018-03-12 16:47:58,20.7443,M,17
2018-03-12 16:48:03,19.3953,M,17
2018-03-12 16:48:07,17.0217,M,17
2018-03-12 16:48:10,16.5953,M,17
2018-03-12 16:48:12,20.7321,M,17
2018-03-12 16:48:14,21.0479,M,17
2018-03-12 16:48:18,19.5232,M,17
2018-03-12 16:48:21,20.0182,M,17
2018-03-12 16:48:24,18.8957,M,17
2018-03-12 16:48:27,20.3125,M,17
2018-03-12 16:48:31,20.4251,F,17
2018-03-12 16:48:32,18.4668,M,17
2018-03-12 16:48:34,18.987,M,17
2018-03-12 16:48:36,17.3965,M,17
2018-03-12 16:48:38,20.9334,M,17
2018-03-12 16:48:41,19.87,M,17
2018-03-12 16:48:42,19.3007,M,17
2018-03-12 16:48:45,17.9599,M,17
2018-03-12 16:48:47,18.1877,M,17
2018-03-12 16:48:49,19.9868,M,17
2018-03-12 16:48:51,18.2864,M,17
2018-03-12 16:48:52,17.8484,M,17
2018-03-12 16:48:54,20.4522,M,17
2018-03-12 16:48:57,18.7322,M,17
2018-03-12 16:48:59,18.7887,M,17
2018-03-12 16:49:39,27.8474,M,16
2018-03-12 16:49:49,28.9883,M,16
2018-03-12 16:49:50,27.7748,M,5
2018-03-12 16:49:52,27.7685,M,5
2018-03-12 16:49:54,26.3392,M,16
2018-03-12 16:49:56,29.0179,M,16
2018-03-12 16:51:03,31.8152,M,19
2018-03-12 16:51:05,31.5108,F,19
2018-03-12 16:51:07,29.4896,F,19
2018-03-12 16:51:09,28.07,F,19
2018-03-12 16:51:10,28.2301,F,19
2018-03-12 16:51:12,28.4142,F,19
2018-03-12 16:51:16,27.4776,F,19
2018-03-12 16:51:19,27.1214,F,19
2018-03-12 16:51:21,27.779,F,19
2018-03-12 16:51:23,27.7837,M,19
2018-03-12 16:51:24,27.4608,F,19
2018-03-12 16:51:26,28.4713,M,19
2018-03-12 16:51:28,27.5671,F,19
2018-03-12 16:51:30,27.5313,F,19
2018-03-12 16:51:31,26.695,M,19
2018-03-12 16:51:33,25.5615,M,19
2018-03-12 16:51:35,24.5059,M,17
2018-03-12 16:51:37,27.2732,M,17
2018-03-12 16:51:39,25.7054,M,17
2018-03-12 16:51:40,24.7145,M,17
2018-03-12 16:51:42,24.3153,M,17
2018-03-12 16:51:45,23.897,M,17
2018-03-12 16:51:47,21.6651,M,17
2018-03-12 16:55:48,33.7319,F,20
2018-03-12 16:55:51,33.0637,F,20
2018-03-12 16:56:15,31.6949,M,21
2018-03-12 16:56:27,31.9553,M,22
2018-03-12 16:56:29,28.9125,M,16
2018-03-12 16:56:31,28.5855,M,22
2018-03-12 16:56:34,30.6811,M,16
2018-03-12 16:56:35,28.3279,M,22
2018-03-12 16:56:38,27.3362,M,22
2018-03-12 16:56:40,33.2059,M,16
2018-03-12 16:56:43,27.2813,M,22
2018-03-12 16:56:47,27.2363,M,22
2018-03-12 16:56:51,24.8386,M,0
2018-03-12 16:57:07,33.6203,M,0
2018-03-12 16:57:09,30.4102,M,0
2018-03-12 16:57:11,26.6544,M,6
2018-03-12 16:57:14,26.9369,M,22
2018-03-12 16:57:18,28.4265,M,16
2018-03-12 16:57:19,27.5837,M,5
2018-03-12 16:57:21,28.2468,F,6
2018-03-12 16:57:23,26.8082,M,6
2018-03-12 16:57:26,24.7118,M,22
2018-03-12 16:57:31,26.8045,M,16
2018-03-12 16:57:40,37.1087,M,16
2018-03-12 16:58:05,30.6063,M,5
2018-03-12 16:58:07,28.1544,M,5
2018-03-12 16:58:11,24.2038,M,5
2018-03-12 16:58:23,29.1846,M,22
2018-03-12 16:58:24,30.9813,M,22
2018-03-12 16:58:27,31.1529,M,22
2018-03-12 16:58:30,29.7065,M,22
2018-03-12 16:58:33,29.5582,M,22
2018-03-12 16:59:18,30.4794,M,21
2018-03-12 16:59:20,32.2598,M,21
2018-03-12 16:59:22,32.2903,M,21
2018-03-12 16:59:24,29.1682,M,22
2018-03-12 16:59:27,29.265,M,21
2018-03-12 16:59:29,37.6845,M,22
2018-03-12 16:59:31,37.7769,M,22
2018-03-12 16:59:33,38.3825,M,21
2018-03-12 16:59:36,38.4876,M,21
2018-03-12 16:59:39,34.3609,M,21
2018-03-12 16:59:43,34.9832,M,21
2018-03-12 16:59:46,36.0377,M,21
2018-03-12 16:59:50,35.952,M,21
2018-03-12 17:00:40,21.6375,F,12
2018-03-12 17:00:42,19.4326,M,12
2018-03-12 17:00:45,20.2352,F,4
2018-03-12 17:00:48,20.5063,F,12
2018-03-12 17:00:56,20.4234,M,12
2018-03-12 17:01:03,27.0693,M,0
2018-03-12 17:01:11,18.2191,M,12
2018-03-12 17:01:14,20.7445,M,23
2018-03-12 17:01:30,29.5949,M,22
2018-03-12 17:01:48,30.4538,M,0
2018-03-12 17:01:53,24.7073,F,12
2018-03-12 17:01:55,24.954,F,2
2018-03-12 17:01:57,31.0594,M,0
2018-03-12 17:01:59,31.4834,M,0
2018-03-12 17:02:01,31.0623,M,0
2018-03-12 17:02:06,20.8828,F,3
2018-03-12 17:02:08,33.093,M,0
2018-03-12 17:02:10,32.229,M,0
2018-03-12 17:02:12,23.5187,F,3
2018-03-12 17:02:15,23.3615,F,3
2018-03-12 17:02:18,33.2609,M,0
2018-03-12 17:02:20,25.093,F,3
2018-03-12 17:02:22,33.192,M,0
2018-03-12 17:02:25,25.111,F,3
2018-03-12 17:02:32,32.0323,M,6
2018-03-12 17:02:35,30.2211,F,6
2018-03-12 17:02:42,30.2944,F,0
2018-03-12 17:02:50,30.225,M,0
2018-03-12 17:02:58,28.245,M,0
2018-03-12 17:03:01,30.0985,M,0
2018-03-12 17:03:03,20.9894,F,3
2018-03-12 17:03:05,24.5993,F,4
2018-03-12 17:03:07,24.2668,M,0
2018-03-12 17:03:11,26.0554,M,0
2018-03-12 17:03:12,31.3005,M,0
2018-03-12 17:03:16,25.8595,M,0
2018-03-12 17:03:18,31.6255,M,6
2018-03-12 17:03:21,25.7961,M,0
2018-03-12 17:03:23,33.7373,M,13
2018-03-12 17:03:35,33.6711,M,0
2018-03-12 17:03:37,27.6249,M,0
2018-03-12 17:03:43,33.4692,M,6
2018-03-12 17:03:51,30.5384,M,0
2018-03-12 17:03:56,27.8187,M,0
2018-03-12 17:04:03,27.812,M,0
2018-03-12 17:04:07,29.0808,M,0
2018-03-12 17:04:12,29.0651,M,0
2018-03-12 17:04:17,28.8979,M,0
2018-03-12 17:04:22,27.3723,M,0
2018-03-12 17:04:28,28.6055,M,0
2018-03-12 17:04:29,27.5767,M,0
2018-03-12 17:04:31,32.0757,M,0
2018-03-12 17:04:33,31.4716,M,0
2018-03-12 17:04:36,31.3524,M,0
2018-03-12 17:04:40,28.4483,M,0
2018-03-12 17:04:45,27.8966,M,0
2018-03-12 17:04:51,31.5328,M,0
2018-03-12 17:04:57,31.5386,M,0
2018-03-12 17:04:59,31.4126,M,0
2018-03-12 17:05:04,31.5917,M,0
2018-03-12 17:05:06,31.0281,M,0
2018-03-12 17:05:11,31.0822,M,0
2018-03-12 17:05:46,21.8668,M,15
2018-03-12 17:05:49,20.2284,M,0
2018-03-12 17:05:50,25.9163,M,8
2018-03-12 17:05:52,21.4501,M,15
2018-03-12 17:05:54,19.7739,M,5
2018-03-12 17:05:57,21.7399,M,15
2018-03-12 17:05:58,20.217,M,24
2018-03-12 17:06:01,24.5895,M,25
2018-03-12 17:06:02,21.6433,M,20
2018-03-12 17:06:05,20.2223,M,5
2018-03-12 17:06:08,21.7299,M,15
2018-03-12 17:06:10,20.646,M,5
2018-03-12 17:06:12,23.6328,M,25
2018-03-12 17:06:14,23.3032,M,15
2018-03-12 17:06:16,26.9259,M,25
2018-03-12 17:06:18,20.8062,M,5
2018-03-12 17:06:20,22.1633,M,15
2018-03-12 17:06:23,20.293,M,0
2018-03-12 17:06:25,24.075,M,25
2018-03-12 17:06:26,21.658,M,15
2018-03-12 17:06:29,19.7942,M,5
2018-03-12 17:06:34,19.6555,M,0
2018-03-12 17:06:39,25.0527,M,25
2018-03-12 17:06:41,19.8008,M,5
2018-03-12 17:06:42,21.6545,M,15
2018-03-12 17:06:46,19.76,M,5
2018-03-12 17:06:47,26.1233,M,25
2018-03-12 17:06:50,22.6979,M,15
2018-03-12 17:06:51,19.6442,M,0
2018-03-12 17:06:54,20.6516,M,26
2018-03-12 17:06:58,19.206,M,5
2018-03-12 17:07:03,19.8615,M,5
2018-03-12 17:07:07,29.0259,M,5
2018-03-12 17:07:08,20.1439,M,5
2018-03-12 17:07:13,20.23,M,5
2018-03-12 17:07:18,19.774,M,5
2018-03-12 17:07:23,19.9778,M,5
2018-03-12 17:07:28,19.4604,M,5
2018-03-12 17:07:33,18.7761,M,5
2018-03-12 17:07:39,19.4891,M,5
2018-03-12 17:07:41,21.3,M,0
2018-03-12 17:07:45,18.9895,M,5
2018-03-12 17:07:47,21.9604,M,15
2018-03-12 17:07:48,29.7981,M,13
2018-03-12 17:07:51,19.6579,M,5
2018-03-12 17:07:55,21.5582,M,15
2018-03-12 17:07:56,19.5006,M,5
2018-03-12 17:07:59,21.7187,M,15
2018-03-12 17:08:02,20.3086,M,0
2018-03-12 17:08:05,21.0942,M,15
2018-03-12 17:08:07,19.4715,M,5
2018-03-12 17:08:15,19.4474,M,0
2018-03-12 17:08:20,19.705,M,5
2018-03-12 17:08:25,19.7329,M,5
2018-03-12 17:08:29,21.1582,M,0
2018-03-12 17:08:31,23.3592,M,27
2018-03-12 17:08:34,21.6765,M,27
2018-03-12 17:08:36,23.8595,M,27
2018-03-12 17:08:41,25.8803,M,27
2018-03-12 17:08:46,28.0019,M,27
2018-03-12 17:08:48,25.8615,M,27
2018-03-12 17:08:50,27.5897,M,27
2018-03-12 17:09:04,27.5043,M,27
2018-03-12 17:09:10,30.1402,M,28
2018-03-12 17:09:13,31.2684,M,28
2018-03-12 17:09:16,29.1916,M,28
2018-03-12 17:09:20,30.708,M,28
2018-03-12 17:09:23,29.867,M,28
2018-03-12 17:09:26,29.8654,M,28
2018-03-12 17:09:29,30.4545,M,28
2018-03-12 17:09:31,31.6856,M,29
2018-03-12 17:09:34,29.0713,M,29
2018-03-12 17:09:36,29.6363,M,28
2018-03-12 17:09:39,28.6481,M,29
2018-03-12 17:09:43,27.5633,M,29
2018-03-12 17:09:44,26.9219,M,28
2018-03-12 17:09:49,30.6959,M,29
2018-03-12 17:09:51,26.689,M,28
2018-03-12 17:09:56,30.9479,M,29
2018-03-12 17:09:58,27.1857,M,28
2018-03-12 17:10:02,31.8189,M,10
2018-03-12 17:10:04,25.5207,M,28
2018-03-12 17:10:10,34.5802,M,10
2018-03-12 17:10:12,25.8114,M,28
2018-03-12 17:10:15,33.9887,M,10
2018-03-12 17:10:16,29.8081,M,28
2018-03-12 17:10:21,31.2127,M,10
2018-03-12 17:10:27,34.3458,M,30
2018-03-12 17:10:32,34.4382,M,10
2018-03-12 17:10:38,31.4692,M,10
2018-03-12 17:10:45,29.4883,M,10
2018-03-12 17:10:53,29.4601,M,10
2018-03-12 17:10:58,29.5208,M,10
2018-03-12 17:11:04,29.9074,M,10
2018-03-12 17:11:09,30.4241,M,10
2018-03-12 17:11:15,35.1136,M,10
2018-03-12 17:11:19,31.8133,M,10
2018-03-12 17:11:26,26.7144,M,27
2018-03-12 17:11:29,26.7393,M,27
2018-03-12 17:11:32,25.1576,M,27
2018-03-12 17:11:35,24.3587,M,27
2018-03-12 17:11:38,25.6989,M,27
2018-03-12 17:11:41,25.191,M,27
2018-03-12 17:11:44,26.2608,M,6
2018-03-12 17:11:47,26.1376,M,27
2018-03-12 17:11:50,26.6237,M,27
2018-03-12 17:11:53,27.5502,M,27
2018-03-12 17:11:56,26.9234,M,27
2018-03-12 17:11:59,26.6111,M,27
2018-03-12 17:12:02,24.594,M,27
2018-03-12 17:12:05,25.9271,M,27
2018-03-12 17:12:08,26.8729,M,27
2018-03-12 17:12:11,26.7398,M,27
2018-03-12 17:12:14,26.8433,M,1
2018-03-12 17:12:17,26.4389,M,27
2018-03-12 17:12:19,27.3733,M,6
2018-03-12 17:12:22,26.3834,M,27
2018-03-12 17:12:25,29.0489,M,27
2018-03-12 17:12:28,29.5898,M,6
2018-03-12 17:12:31,29.4346,M,27
2018-03-12 17:12:34,28.4967,M,27
2018-03-12 17:12:38,29.5607,M,31
2018-03-12 17:12:42,29.2819,M,31
2018-03-12 17:12:44,26.632,M,1
2018-03-12 17:12:48,26.592,M,31
2018-03-12 17:12:53,24.2716,M,27
2018-03-12 17:12:57,24.3579,M,27
2018-03-12 17:13:00,25.5508,M,27
2018-03-12 17:13:03,26.446,M,27
2018-03-12 17:13:05,25.627,M,31
2018-03-12 17:13:08,25.5694,M,1
2018-03-12 17:13:10,26.5813,M,31
2018-03-12 17:13:13,25.9416,M,31
2018-03-12 17:13:14,26.2655,M,31
2018-03-12 17:13:30,34.7534,M,20
2018-03-12 17:13:33,38.6229,M,32
2018-03-12 17:13:44,29.0764,M,16
2018-03-12 17:13:53,29.5728,M,5
2018-03-12 17:13:56,20.7873,M,0
2018-03-12 17:13:57,23.4184,M,33
2018-03-12 17:13:59,23.2214,F,34
2018-03-12 17:14:01,21.623,M,0
2018-03-12 17:14:02,21.8955,M,33
2018-03-12 17:14:04,21.9668,F,34
2018-03-12 17:14:05,24.8674,M,0
2018-03-12 17:14:07,22.7165,M,33
2018-03-12 17:14:08,21.1953,F,34
2018-03-12 17:14:10,24.8206,M,24
2018-03-12 17:14:12,19.1938,M,33
2018-03-12 17:14:13,19.5715,F,34
2018-03-12 17:14:15,23.5148,M,0
2018-03-12 17:14:16,22.8526,M,13
2018-03-12 17:14:18,20.1649,F,34
2018-03-12 17:14:21,26.6074,F,0
2018-03-12 17:14:22,21.7034,F,23
2018-03-12 17:14:24,24.7666,M,24
2018-03-12 17:14:26,23.3998,F,34
2018-03-12 17:14:27,25.7025,M,24
2018-03-12 17:14:29,25.6993,F,34
2018-03-12 17:14:33,27.91,M,0
2018-03-12 17:14:34,24.9019,F,34
2018-03-12 17:14:37,25.1683,M,8
2018-03-12 17:14:39,27.3836,M,24
2018-03-12 17:14:40,23.7902,F,34
2018-03-12 17:14:42,35.3488,M,35
2018-03-12 17:14:43,22.1237,M,8
2018-03-12 17:14:45,25.2741,M,24
2018-03-12 17:14:46,25.062,F,34
2018-03-12 17:14:48,22.9102,M,8
2018-03-12 17:14:51,26.1798,M,24
2018-03-12 17:14:52,24.1038,F,34
2018-03-12 17:14:55,22.5127,M,8
2018-03-12 17:14:56,24.6659,M,24
2018-03-12 17:14:58,21.1452,F,34
2018-03-12 17:14:59,24.0197,M,8
2018-03-12 17:15:01,26.1712,F,34
2018-03-12 17:15:03,25.2335,M,24
2018-03-12 17:15:04,21.9486,F,34
2018-03-12 17:15:06,22.2856,M,8
2018-03-12 17:15:07,27.3077,F,34
2018-03-12 17:15:10,24.2389,M,24
2018-03-12 17:15:12,22.031,F,34
2018-03-12 17:15:13,23.2659,M,8
2018-03-12 17:15:15,27.0186,M,24
2018-03-12 17:15:16,23.643,F,34
2018-03-12 17:15:19,23.69,M,8
2018-03-12 17:15:21,26.9939,M,36
2018-03-12 17:15:22,21.8829,F,34
2018-03-12 17:15:24,29.3826,M,37
2018-03-12 17:15:25,25.0363,M,8
2018-03-12 17:15:27,25.5536,M,36
2018-03-12 17:15:28,23.9061,F,34
2018-03-12 17:15:30,28.8116,M,37
2018-03-12 17:15:31,22.984,M,8
2018-03-12 17:15:34,24.6647,M,36
2018-03-12 17:15:36,23.4857,F,34
2018-03-12 17:15:39,22.2024,M,38
2018-03-12 17:15:42,23.0682,M,24
2018-03-12 17:15:44,20.9822,M,34
2018-03-12 17:15:45,25.1305,M,37
2018-03-12 17:15:47,24.2877,M,8
2018-03-12 17:15:51,24.4664,M,36
2018-03-12 17:15:52,29.1733,F,34
2018-03-12 17:15:54,23.007,M,34
2018-03-12 17:15:55,23.9513,M,37
2018-03-12 17:15:56,25.3591,M,8
2018-03-12 17:15:59,26.5577,M,8
2018-03-12 17:16:01,25.9697,M,36
2018-03-12 17:16:02,22.9323,M,34
2018-03-12 17:16:05,28.7589,M,39
2018-03-12 17:16:06,24.0072,F,34
2018-03-12 17:16:09,27.5297,M,6
2018-03-12 17:16:11,25.7519,M,36
2018-03-12 17:16:14,25.1216,M,6
2018-03-12 17:16:15,26.8639,M,36
2018-03-12 17:16:18,25.568,M,8
2018-03-12 17:16:19,25.8914,M,24
2018-03-12 17:16:22,24.3433,M,24
2018-03-12 17:16:25,25.3681,M,6
2018-03-12 17:16:26,28.4552,F,40
2018-03-12 17:16:29,25.6347,M,36
2018-03-12 17:16:30,26.7689,M,6
2018-03-12 17:16:32,23.3766,M,5
2018-03-12 17:16:34,25.7498,F,40
2018-03-12 17:16:35,23.2168,M,6
2018-03-12 17:16:37,26.9876,M,16
2018-03-12 17:16:38,26.0531,F,40
2018-03-12 17:16:40,24.5172,M,0
2018-03-12 17:16:42,24.138,M,7
2018-03-12 17:16:43,25.5586,F,34
2018-03-12 17:16:45,25.7234,M,8
2018-03-12 17:16:47,22.6901,M,7
2018-03-12 17:16:48,25.7062,F,34
2018-03-12 17:16:49,21.5496,M,34
2018-03-12 17:16:51,24.5885,M,8
2018-03-12 17:16:53,25.828,M,7
2018-03-12 17:16:54,26.5426,F,34
2018-03-12 17:16:56,27.2354,F,34
2018-03-12 17:16:59,27.3248,M,38
2018-03-12 17:17:00,25.1697,M,7
2018-03-12 17:17:02,27.939,F,34
2018-03-12 17:17:03,24.2372,F,34
2018-03-12 17:17:06,24.9374,M,36
2018-03-12 17:17:08,24.2245,F,34
2018-03-12 17:17:10,25.8281,M,8
2018-03-12 17:17:13,24.3696,M,7
2018-03-12 17:17:15,22.2447,F,2
2018-03-12 17:17:17,26.5543,M,11
2018-03-12 17:17:20,23.5844,M,7
2018-03-12 17:17:21,19.261,F,34
2018-03-12 17:17:24,26.4623,M,8
2018-03-12 17:17:27,24.2827,M,36
2018-03-12 17:17:28,19.5577,F,34
2018-03-12 17:17:31,25.2033,M,38
2018-03-12 17:17:34,26.083,M,36
2018-03-12 17:17:35,18.9548,F,34
2018-03-12 17:17:38,25.5414,M,0
2018-03-12 17:17:42,24.6286,M,36
2018-03-12 17:17:43,19.7011,F,34
2018-03-12 17:17:47,24.3794,M,38
2018-03-12 17:17:51,23.8199,M,36
2018-03-12 17:17:53,20.5752,M,2
2018-03-12 17:17:56,22.8627,M,38
2018-03-12 17:17:59,23.4089,M,36
2018-03-12 17:18:01,20.1187,F,34
2018-03-12 17:18:03,28.064,F,41
2018-03-12 17:18:05,24.7414,M,38
2018-03-12 17:18:08,23.5152,M,16
2018-03-12 17:18:10,22.7152,F,2
2018-03-12 17:18:11,30.5902,F,41
2018-03-12 17:18:14,23.8135,M,38
2018-03-12 17:18:17,21.6142,M,16
2018-03-12 17:18:19,19.9013,F,2
2018-03-12 17:18:21,28.191,M,38
2018-03-12 17:18:24,23.0223,M,36
2018-03-12 17:18:26,20.6077,F,34
2018-03-12 17:18:28,31.3699,M,38
2018-03-12 17:18:30,21.9929,M,36
2018-03-12 17:18:32,20.4321,F,34
2018-03-12 17:18:33,31.8045,M,8
2018-03-12 17:18:36,21.6982,M,36
2018-03-12 17:18:38,18.8868,F,34
2018-03-12 17:23:16,29.0349,F,42
2018-03-12 17:23:20,29.1155,F,42
2018-03-12 17:23:23,26.7005,F,12
2018-03-12 17:27:07,19.4772,M,43
2018-03-12 17:28:33,27.2327,M,44
2018-03-12 17:28:40,26.5425,M,44
2018-03-12 17:28:42,25.2117,M,45
2018-03-12 17:28:45,27.4469,M,44
2018-03-12 17:28:46,26.9597,M,34
2018-03-12 17:28:48,24.6691,M,24
2018-03-12 17:28:52,28.9861,M,24
2018-03-12 17:28:53,23.7605,F,34
2018-03-12 17:28:55,27.7277,M,24
2018-03-12 17:28:58,28.662,M,24
2018-03-12 17:29:01,30.5564,M,24
2018-03-12 17:29:02,22.0246,F,46
2018-03-12 17:29:04,28.816,M,24
2018-03-12 17:29:06,21.8542,F,46
2018-03-12 17:29:07,26.8752,M,24
2018-03-12 17:29:09,24.3994,F,46
2018-03-12 17:29:11,24.8182,F,46
2018-03-12 17:29:12,28.7269,M,47
2018-03-12 17:29:15,29.0622,M,36
2018-03-12 17:29:17,25.2226,F,46
2018-03-12 17:29:19,25.0531,F,46
2018-03-12 17:29:21,31.1729,M,36
2018-03-12 17:29:24,26.4302,M,24
2018-03-12 17:29:25,27.5311,F,34
2018-03-12 17:29:28,28.9215,M,47
2018-03-12 17:29:31,25.87,M,36
2018-03-12 17:29:34,28.7621,M,47
2018-03-12 17:29:37,28.3287,M,47
2018-03-12 17:29:40,31.6335,M,24
2018-03-12 17:29:43,29.3902,M,24
2018-03-12 17:29:46,33.5165,M,24
2018-03-12 17:29:47,20.7901,M,33
2018-03-12 17:29:49,33.3078,M,0
2018-03-12 17:29:52,32.1033,M,5
2018-03-12 17:29:53,19.3211,M,48
2018-03-12 17:29:55,32.4987,M,5
2018-03-12 17:29:58,21.6093,M,33
2018-03-12 17:30:13,24.7526,M,49
2018-03-12 17:30:16,27.3351,M,50
2018-03-12 17:30:18,24.6818,M,49
2018-03-12 17:30:20,22.5458,M,51
2018-03-12 17:30:22,22.8277,M,51
2018-03-12 17:30:24,23.7984,M,51
2018-03-12 17:30:26,30.36,M,51
2018-03-12 17:30:35,29.6437,M,52
2018-03-12 17:30:40,23.5884,M,52
2018-03-12 17:30:42,30.4293,M,53
2018-03-12 17:30:45,23.1872,M,52
2018-03-12 17:37:01,24.9731,M,20
2018-03-12 17:37:04,29.7228,M,54
2018-03-12 17:37:06,29.4804,M,20
2018-03-12 17:37:08,26.3433,M,20
2018-03-12 17:37:11,30.2801,F,54
2018-03-12 17:37:13,34.493,M,20
2018-03-12 17:37:16,34.7028,M,54
2018-03-12 17:37:19,28.6815,M,54
2018-03-12 17:37:22,27.8978,M,54
2018-03-12 17:37:25,24.4249,F,54
2018-03-12 17:37:27,29.0212,F,54
2018-03-12 17:37:28,26.5194,F,54
2018-03-12 17:37:30,28.0848,F,54
2018-03-12 17:37:32,27.687,F,54
2018-03-12 17:37:34,27.597,F,54
2018-03-12 17:37:36,27.7204,F,54
2018-03-12 17:37:40,24.9663,M,54
2018-03-12 17:37:52,33.5815,M,55
2018-03-12 17:37:55,33.2239,M,55
2018-03-12 17:37:57,33.2979,M,55
2018-03-12 17:38:03,32.9958,M,55
2018-03-12 17:38:06,31.3772,M,55
2018-03-12 17:38:08,34.845,M,55
2018-03-12 17:38:09,31.8212,M,55
2018-03-12 17:38:12,30.2486,M,55
2018-03-12 17:38:13,30.9596,M,55
2018-03-12 17:38:16,29.781,M,55
2018-03-12 17:38:21,30.5224,M,55
2018-03-12 17:38:23,32.2852,M,55
2018-03-12 17:38:27,30.9522,M,55
2018-03-12 17:38:45,27.8708,M,55
2018-03-12 17:38:52,33.5118,M,56
2018-03-12 17:38:54,38.9243,M,56
2018-03-12 17:38:56,34.8502,M,56
2018-03-12 17:39:01,35.625,M,55
2018-03-12 17:39:04,34.7518,M,56
2018-03-12 17:39:07,26.6029,M,20
2018-03-12 17:39:26,21.8272,M,0
2018-03-12 17:39:28,23.2609,M,0
2018-03-12 17:39:31,22.1008,M,13
2018-03-12 17:39:33,22.7472,M,57
2018-03-12 17:40:03,31.7571,M,58
2018-03-12 17:40:04,30.8808,M,30
2018-03-12 17:40:07,30.637,M,30
2018-03-12 17:40:10,32.7475,M,30
2018-03-12 17:40:11,31.878,M,59
2018-03-12 17:40:13,26.7618,M,6
2018-03-12 17:40:18,26.6992,M,27
2018-03-12 17:40:24,27.9042,M,27
2018-03-12 17:40:28,28.0738,M,27
2018-03-12 17:40:31,31.679,M,6
2018-03-12 17:40:35,27.7418,M,6
2018-03-12 17:40:40,25.3788,M,27
2018-03-12 17:40:42,25.6359,M,27
2018-03-12 17:40:45,29.5411,M,27
2018-03-12 17:40:47,27.86,M,26
2018-03-12 17:40:50,28.6435,M,6
2018-03-12 17:40:53,28.3052,M,26
2018-03-12 17:40:56,28.9637,M,26
2018-03-12 17:41:00,28.9655,M,26
2018-03-12 17:41:04,27.6098,M,26
2018-03-12 17:41:07,27.3989,M,27
2018-03-12 17:41:09,28.9267,M,26
2018-03-12 17:41:12,28.4048,M,26
2018-03-12 17:41:14,30.3238,M,27
2018-03-12 17:41:16,30.3309,M,27
2018-03-12 17:41:18,28.0009,M,27
2018-03-12 17:41:22,27.3927,M,5
2018-03-12 17:41:26,28.5502,M,26
2018-03-12 17:41:27,24.1699,M,0
2018-03-12 17:41:30,27.9134,M,27
2018-03-12 17:41:33,26.1642,M,0
2018-03-12 17:41:34,28.8103,M,27
2018-03-12 17:41:37,28.1355,M,0
2018-03-12 17:41:39,27.4695,M,27
2018-03-12 17:41:41,28.169,M,0
2018-03-12 17:41:43,28.8509,M,27
2018-03-12 17:41:46,25.2318,M,0
2018-03-12 17:41:47,29.3624,M,27
2018-03-12 17:41:50,23.271,M,0
2018-03-12 17:41:53,25.2448,M,16
2018-03-12 17:41:54,29.7396,M,27
2018-03-12 17:41:58,26.4141,M,27
2018-03-12 17:42:00,25.7526,M,0
2018-03-12 17:42:03,26.4801,M,27
2018-03-12 17:42:04,27.2818,M,16
2018-03-12 17:42:07,27.0883,M,0
2018-03-12 17:42:09,28.9786,M,26
2018-03-12 17:42:12,27.0696,M,0
2018-03-12 17:42:13,28.9089,M,26
2018-03-12 17:42:16,29.7361,M,27
2018-03-12 17:42:18,23.1989,M,16
2018-03-12 17:42:19,29.632,M,26
2018-03-12 17:42:21,26.1487,M,16
2018-03-12 17:42:24,31.1751,M,27
2018-03-12 17:42:25,25.7587,M,0
2018-03-12 17:42:28,22.1773,M,0
2018-03-12 17:42:30,30.9694,M,27
2018-03-12 17:42:31,28.265,M,26
2018-03-12 17:42:33,27.5386,M,16
2018-03-12 17:42:35,28.2764,M,26
2018-03-12 17:42:36,27.3924,M,16
2018-03-12 17:42:38,23.3063,M,16
2018-03-12 17:42:40,31.0113,M,27
2018-03-12 17:42:42,22.7985,M,0
2018-03-12 17:42:44,28.854,M,27
2018-03-12 17:42:47,24.2167,M,0
2018-03-12 17:42:48,28.0023,M,27
2018-03-12 17:42:50,21.3711,M,0
2018-03-12 17:42:52,26.3588,M,27
2018-03-12 17:42:55,29.3015,M,27
2018-03-12 17:42:56,22.5379,M,16
2018-03-12 17:42:59,22.6293,M,0
2018-03-12 17:43:01,29.8633,M,27
2018-03-12 17:43:02,27.7814,M,26
2018-03-12 17:43:04,22.5164,M,0
2018-03-12 17:43:06,28.6657,M,6
2018-03-12 17:43:07,24.9501,M,0
2018-03-12 17:43:09,30.7561,M,27
2018-03-12 17:43:11,25.8213,M,0
2018-03-12 17:43:12,21.4173,M,0
2018-03-12 17:43:14,29.5466,M,6
2018-03-12 17:43:16,22.3492,M,16
2018-03-12 17:43:17,27.0302,M,6
2018-03-12 17:43:19,21.5798,M,0
2018-03-12 17:43:20,26.4636,M,6
2018-03-12 17:43:23,21.5371,M,0
2018-03-12 17:43:25,26.4385,M,6
2018-03-12 17:43:28,28.8645,M,6
2018-03-12 17:43:29,26.8183,M,0
2018-03-12 17:43:32,29.8062,M,26
2018-03-12 17:43:34,25.2751,M,0
2018-03-12 17:43:35,25.0947,M,16
2018-03-12 17:43:37,29.4413,M,27
2018-03-12 17:43:48,25.0157,M,27
2018-03-12 17:43:52,24.9636,M,27
2018-03-12 17:43:55,25.9479,M,27
2018-03-12 17:43:57,25.8974,M,27
2018-03-12 17:44:03,25.0399,M,27
2018-03-12 17:44:05,25.4089,M,27
2018-03-12 17:44:07,25.5864,M,27
2018-03-12 17:44:09,26.5121,M,27
2018-03-12 17:44:10,25.1785,M,27
2018-03-12 17:44:12,25.5028,M,27
2018-03-12 17:44:14,24.1106,M,27
2018-03-12 17:44:16,23.9347,M,27
2018-03-12 17:44:19,24.6756,M,27
2018-03-12 17:44:22,24.6486,M,27
2018-03-12 17:44:26,24.9843,M,27
2018-03-12 17:44:29,25.2251,M,27
2018-03-12 17:44:31,25.277,M,27
2018-03-12 17:44:32,27.4257,M,14
2018-03-12 17:44:38,27.9598,M,14
2018-03-12 17:44:41,28.5302,M,14
2018-03-12 17:44:47,27.3904,M,60
2018-03-12 17:44:49,28.3283,M,60
2018-03-12 17:45:43,31.2785,F,61
2018-03-12 17:45:46,28.143,M,61
2018-03-12 17:45:49,28.3455,M,61
2018-03-12 17:45:52,28.3346,M,61
2018-03-12 17:45:55,28.6006,M,61
2018-03-12 17:45:57,27.5891,F,61
2018-03-12 17:45:59,29.8585,F,61
2018-03-12 17:46:05,31.4547,M,20
2018-03-12 17:46:16,31.6412,M,62
2018-03-12 17:46:24,36.0864,M,62
2018-03-12 17:46:27,21.3759,M,0
2018-03-12 17:46:29,20.2223,M,0
2018-03-12 17:46:31,20.2472,M,33
2018-03-12 17:46:35,20.7386,M,0
2018-03-12 17:46:37,19.5424,M,33
2018-03-12 17:46:39,18.686,M,33
2018-03-12 17:46:42,19.12,M,33
2018-03-12 17:46:44,19.2051,M,0
2018-03-12 17:46:46,20.4396,M,33
2018-03-12 17:46:49,23.3972,M,33
2018-03-12 17:46:51,20.1849,M,33
2018-03-12 17:46:57,23.5739,M,63
2018-03-12 17:47:02,33.6958,M,14
2018-03-12 17:47:04,34.1692,M,14
2018-03-12 17:47:06,34.1277,M,14
2018-03-12 17:47:08,36.2395,M,14
2018-03-12 17:47:14,33.1322,F,64
2018-03-12 17:47:16,33.4596,F,64
2018-03-12 17:47:18,34.1876,F,64
2018-03-12 17:47:20,34.4976,F,64
2018-03-12 17:47:22,34.9266,F,14
2018-03-12 17:47:24,18.5217,M,33
2018-03-12 17:47:26,35.4374,F,14
2018-03-12 17:47:27,20.2557,M,65
2018-03-12 17:47:29,36.1023,F,14
2018-03-12 17:47:30,19.0939,M,0
2018-03-12 17:47:32,37.2909,F,64
2018-03-12 17:47:34,18.7855,M,0
2018-03-12 17:47:36,32.3483,F,64
2018-03-12 17:47:37,17.3916,M,0
2018-03-12 17:47:39,33.2081,F,64
2018-03-12 17:47:40,17.3935,M,0
2018-03-12 17:47:42,36.1149,F,2
2018-03-12 17:47:44,43.0424,F,14
2018-03-12 17:47:47,43.6428,F,14
2018-03-12 17:47:48,35.5074,F,2
2018-03-12 17:47:51,36.4822,F,14
2018-03-12 17:47:53,42.1452,F,14
2018-03-12 17:47:55,44.3027,F,14
2018-03-12 17:47:57,36.5887,F,14
2018-03-12 17:48:00,42.5352,F,12
2018-03-12 17:48:01,33.9187,F,20
2018-03-12 17:48:04,42.3426,F,12
2018-03-12 17:48:06,34.0223,F,20
2018-03-12 17:48:09,34.094,F,20
2018-03-12 17:48:10,39.7832,F,66
2018-03-12 17:48:12,37.6007,M,66
2018-03-12 17:48:13,33.9227,F,20
2018-03-12 17:48:15,33.5016,F,20
2018-03-12 17:48:17,37.6613,M,66
2018-03-12 17:48:19,33.2409,F,20
2018-03-12 17:48:20,35.8884,F,66
2018-03-12 17:48:23,35.6199,M,66
2018-03-12 17:48:24,33.0224,F,20
2018-03-12 17:48:26,35.6195,M,66
2018-03-12 17:48:28,33.0224,F,20
2018-03-12 17:48:29,32.2376,F,67
2018-03-12 17:48:31,33.8499,M,66
2018-03-12 17:48:33,27.2082,M,43
2018-03-12 17:48:34,29.7272,M,67
2018-03-12 17:48:37,30.6593,M,66
2018-03-12 17:48:38,29.0902,M,5
2018-03-12 17:48:42,30.728,M,66
2018-03-12 17:48:44,29.9816,M,5
2018-03-12 17:48:48,30.4871,M,43
2018-03-12 17:48:50,29.4322,M,5
2018-03-12 17:48:52,28.1245,M,66
2018-03-12 17:48:54,29.4734,M,5
2018-03-12 17:48:57,28.1245,M,66
2018-03-12 17:48:58,29.4725,M,5
2018-03-12 17:49:01,29.619,M,66
2018-03-12 17:49:03,27.7761,M,5
2018-03-12 17:49:05,27.6763,M,66
2018-03-12 17:49:07,26.744,M,5
2018-03-12 17:49:09,27.4526,M,66
2018-03-12 17:49:10,28.0307,M,67
2018-03-12 17:49:13,27.6777,M,66
2018-03-12 17:49:15,27.7204,M,5
2018-03-12 17:49:17,27.3685,M,66
2018-03-12 17:49:18,29.6366,M,30
2018-03-12 17:49:20,27.3981,M,66
2018-03-12 17:49:21,29.6047,M,30
2018-03-12 17:49:23,24.4546,M,43
2018-03-12 17:49:25,26.8083,M,30
2018-03-12 17:49:28,22.3881,M,43
2018-03-12 17:49:29,26.3049,M,67
2018-03-12 17:49:31,25.0907,M,43
2018-03-12 17:49:32,27.6799,M,67
2018-03-12 17:49:34,22.3093,M,43
2018-03-12 17:49:36,25.3931,M,67
2018-03-12 17:49:38,25.4627,M,68
2018-03-12 17:49:39,25.525,M,67
2018-03-12 17:49:41,25.4622,M,68
2018-03-12 17:49:42,25.5405,M,67
2018-03-12 17:49:44,22.9203,M,43
2018-03-12 17:49:46,25.4679,M,67
2018-03-12 17:49:47,27.4232,M,43
2018-03-12 17:49:49,26.5946,M,5
2018-03-12 17:49:52,26.4138,M,43
2018-03-12 17:49:53,26.3958,M,30
2018-03-12 17:49:56,25.5332,M,43
2018-03-12 17:49:57,25.9449,M,30
2018-03-12 17:49:59,29.4551,M,66
2018-03-12 17:50:01,28.4095,F,30
2018-03-12 17:50:03,28.9836,M,66
2018-03-12 17:50:04,28.2151,F,30
2018-03-12 17:50:06,38.5313,M,66
2018-03-12 17:50:07,30.8463,F,20
2018-03-12 17:50:09,35.0374,M,66
2018-03-12 17:50:11,31.2195,F,30
2018-03-12 17:50:30,19.5662,M,69
2018-03-12 17:50:32,20.3278,M,69
2018-03-12 17:50:33,20.6057,M,69
2018-03-12 17:50:35,19.8436,M,69
2018-03-12 17:50:37,21.5691,M,69
2018-03-12 17:50:39,22.1196,M,69
2018-03-12 17:50:41,20.9149,M,69
2018-03-12 17:50:44,19.5739,M,69
2018-03-12 17:50:45,19.3675,M,69
2018-03-12 17:50:47,20.438,M,69
2018-03-12 17:50:49,22.9117,M,69
2018-03-12 17:50:53,22.9492,M,69
2018-03-12 17:50:56,23.4662,M,69
2018-03-12 17:50:58,24.5519,M,69
2018-03-12 17:51:00,22.6905,M,69
2018-03-12 17:51:02,21.7291,M,69
2018-03-12 17:51:04,21.6763,M,69
2018-03-12 17:51:05,22.9607,M,69
2018-03-12 17:51:07,24.9647,M,69
2018-03-12 17:51:09,23.1453,M,69
2018-03-12 17:51:11,26.6241,M,69
2018-03-12 17:51:13,24.6913,M,69
2018-03-12 17:51:15,24.7259,M,69
2018-03-12 17:51:16,26.4036,M,69
2018-03-12 17:51:18,28.8109,M,69
2018-03-12 17:51:20,30.1146,M,69
2018-03-12 17:51:22,33.6765,F,69
2018-03-12 17:51:23,28.0984,M,69
2018-03-12 17:51:25,29.7273,M,69
2018-03-12 17:51:27,30.5679,M,69
2018-03-12 17:51:29,27.3757,M,69
2018-03-12 17:51:32,29.95,M,69
2018-03-12 17:51:33,26.029,M,69
2018-03-12 17:51:35,29.024,M,69
2018-03-12 17:51:38,30.1215,M,64
2018-03-12 17:51:41,30.091,M,64
2018-03-12 17:51:44,24.9709,M,69
2018-03-12 17:51:47,25.4552,M,69
2018-03-12 17:51:50,26.3016,M,69
2018-03-12 17:51:54,23.8253,M,69
2018-03-12 17:51:57,22.3824,M,69
2018-03-12 17:51:58,28.7518,M,69
2018-03-12 17:52:00,22.7831,M,69
2018-03-12 17:52:02,23.1879,M,69
2018-03-12 17:52:04,25.7636,M,69
2018-03-12 17:52:07,26.2012,M,69
2018-03-12 17:52:09,27.2047,F,69
2018-03-12 17:52:11,26.5663,M,69
2018-03-12 17:52:12,27.7386,F,69
2018-03-12 17:52:14,26.1685,F,69
2018-03-12 17:52:16,26.5561,F,69
2018-03-12 17:52:20,27.4872,F,69
2018-03-12 17:54:03,23.5416,M,70
2018-03-12 17:54:05,24.1428,M,70
2018-03-12 17:54:07,25.3075,M,70
2018-03-12 17:54:10,25.3372,M,70
2018-03-12 17:54:12,25.0711,M,70
2018-03-12 17:54:14,25.5297,M,70
2018-03-12 17:54:16,25.9949,M,70
2018-03-12 17:54:17,25.0005,M,70
2018-03-12 17:54:19,23.6283,M,70
2018-03-12 17:54:21,23.1951,M,70
2018-03-12 17:54:23,23.1342,M,70
2018-03-12 17:54:26,23.6646,M,70
2018-03-12 17:54:29,22.7799,M,70
2018-03-12 17:55:07,29.6015,M,71
2018-03-12 17:55:08,27.9895,M,10
2018-03-12 17:55:10,28.9938,M,10
2018-03-12 17:55:12,28.6102,M,10
2018-03-12 17:55:14,29.3552,M,10
2018-03-12 17:55:16,29.9743,M,0
2018-03-12 17:55:18,30.6384,M,0
2018-03-12 17:55:19,29.9349,M,0
2018-03-12 17:55:21,30.7754,M,71
2018-03-12 17:55:23,31.12,M,0
2018-03-12 17:55:25,31.0979,M,0
2018-03-12 17:55:27,30.1758,M,0
2018-03-12 17:55:29,30.5985,M,71
2018-03-12 17:55:30,31.1718,M,71
2018-03-12 17:55:32,31.3896,M,0
2018-03-12 17:55:34,32.1857,M,71
2018-03-12 17:55:36,31.69,M,71
2018-03-12 17:55:38,30.776,M,71
2018-03-12 17:55:40,30.237,M,71
2018-03-12 17:55:43,29.845,M,0
2018-03-12 17:55:46,31.8473,M,71
2018-03-12 17:55:47,34.0712,M,0
2018-03-12 17:55:49,31.5794,M,0
2018-03-12 17:55:51,30.6963,M,71
2018-03-12 17:55:53,30.5735,M,71
2018-03-12 17:55:55,29.4097,M,0
2018-03-12 17:55:58,30.4979,M,71
2018-03-12 17:56:00,29.8542,M,71
2018-03-12 17:56:01,31.4074,M,71
2018-03-12 17:56:03,31.416,M,71
2018-03-12 17:56:05,31.9749,M,71
2018-03-12 17:56:07,31.4757,M,31
2018-03-12 17:56:09,30.2787,M,71
2018-03-12 17:56:11,31.1645,M,71
2018-03-12 17:56:13,32.1861,M,71
2018-03-12 17:56:14,31.4736,M,71
2018-03-12 17:56:16,32.9966,M,71
2018-03-12 17:57:10,22.4722,F,2
2018-03-12 17:57:12,22.4292,F,2
2018-03-12 17:57:14,23.1578,F,2
2018-03-12 17:57:15,23.6494,F,2
2018-03-12 17:57:17,22.4325,F,2
2018-03-12 17:57:19,22.6279,F,2
2018-03-12 17:57:21,22.6289,F,2
2018-03-12 17:57:23,22.6014,F,72
2018-03-12 17:57:25,23.2289,F,2
2018-03-12 17:57:27,21.8567,F,2
2018-03-12 17:57:29,23.291,F,2
2018-03-12 17:57:30,22.0162,F,2
2018-03-12 17:57:32,22.0155,F,2
2018-03-12 17:57:34,21.953,F,2
2018-03-12 17:57:36,22.0013,F,2
2018-03-12 17:57:38,21.8063,F,2
2018-03-12 17:57:39,22.5532,F,2
2018-03-12 17:57:41,23.413,F,72
2018-03-12 17:57:43,23.4232,F,72
2018-03-12 17:57:45,23.2625,F,2
2018-03-12 17:57:48,22.1535,F,2
2018-03-12 17:57:50,22.6911,F,2
2018-03-12 17:57:51,23.2409,F,2
2018-03-12 17:57:53,22.8793,F,72
2018-03-12 17:57:55,22.8417,F,72
2018-03-12 17:57:57,21.1277,F,2
2018-03-12 17:57:59,21.9933,F,2
2018-03-12 17:58:01,21.8787,F,2
2018-03-12 17:58:04,21.8431,F,2
2018-03-12 17:58:05,21.9195,F,2
2018-03-12 17:58:07,22.3808,F,2
2018-03-12 17:58:09,22.1554,F,2
2018-03-12 17:58:11,22.8019,F,72
2018-03-12 17:58:13,21.5622,F,2
2018-03-12 17:58:14,22.1526,F,2
2018-03-12 17:58:16,22.0744,F,2
2018-03-12 17:58:18,23.1148,F,2
2018-03-12 17:58:20,23.0688,F,2
2018-03-12 17:58:23,21.7045,F,2
2018-03-12 17:58:25,22.4837,F,2
2018-03-12 17:58:27,22.2902,F,2
2018-03-12 17:58:28,21.9924,F,2
2018-03-12 17:59:01,24.711,M,73
2018-03-12 17:59:05,25.632,M,22
2018-03-12 17:59:08,23.9967,M,22
2018-03-12 17:59:11,25.2678,M,22
2018-03-12 17:59:13,25.6257,M,22
2018-03-12 17:59:16,25.261,M,22
2018-03-12 17:59:19,25.2625,M,22
2018-03-12 17:59:22,23.9234,M,22
2018-03-12 17:59:24,25.7488,M,22
2018-03-12 17:59:28,25.4121,M,22
2018-03-12 17:59:37,28.0913,M,22
2018-03-12 17:59:39,25.9933,M,22
2018-03-12 17:59:41,28.6165,M,22
2018-03-12 17:59:42,23.1742,M,73
2018-03-12 17:59:44,25.7339,M,22
2018-03-12 17:59:46,25.2013,M,73
2018-03-12 17:59:48,26.9116,M,22
2018-03-12 17:59:50,26.2512,M,22
2018-03-12 17:59:52,23.7779,M,73
2018-03-12 17:59:53,26.1993,M,22
2018-03-12 17:59:59,22.6944,M,73
2018-03-12 18:00:09,23.2403,M,73
2018-03-12 18:00:14,22.6042,M,73
2018-03-12 18:01:27,26.7587,M,60
2018-03-12 18:01:33,25.8886,M,60
2018-03-12 18:01:39,26.1049,M,60
2018-03-12 18:01:45,26.0991,M,74
2018-03-12 18:01:49,27.3456,M,74
2018-03-12 18:02:11,27.4094,M,74
2018-03-12 18:02:14,27.4216,M,74
2018-03-12 18:02:30,31.5778,M,75
2018-03-12 18:02:33,28.4147,M,52
2018-03-12 18:02:36,24.7134,M,74
2018-03-12 18:02:39,25.6621,M,74
2018-03-12 18:02:41,26.4762,M,74
2018-03-12 18:02:43,26.2364,M,74
2018-03-12 18:02:44,28.5656,M,74
2018-03-12 18:02:46,26.2675,M,74
2018-03-12 18:02:48,23.5084,M,75
2018-03-12 18:02:50,24.3331,M,4
2018-03-12 18:02:52,18.681,M,75
2018-03-12 18:02:53,21.3773,M,75
2018-03-12 18:02:55,19.7741,M,74
2018-03-12 18:02:57,20.8117,M,74
2018-03-12 18:02:59,20.8094,M,74
2018-03-12 18:03:06,23.1715,M,74
2018-03-12 18:03:08,21.2485,M,74
2018-03-12 18:03:10,21.7901,M,75
2018-03-12 18:03:11,21.5662,M,75
2018-03-12 18:03:13,21.5367,M,75
2018-03-12 18:03:15,23.2166,M,5
2018-03-12 18:03:18,20.9519,M,5
2018-03-12 18:03:20,24.3034,M,76
2018-03-12 18:03:22,22.9795,M,5
2018-03-12 18:03:24,22.2556,M,75
2018-03-12 18:03:25,21.7068,M,75
2018-03-12 18:03:54,21.2898,M,4
2018-03-12 18:04:10,20.9563,M,5
2018-03-12 18:04:28,18.9734,M,77
2018-03-12 18:04:30,19.2541,M,27
2018-03-12 18:04:32,20.18,M,4
2018-03-12 18:04:34,19.5851,M,27
2018-03-12 18:04:37,19.4205,M,77
2018-03-12 18:04:40,20.26,M,27
2018-03-12 18:04:42,21.2178,M,4
2018-03-12 18:04:44,22.4479,M,4
2018-03-12 18:04:46,22.2555,M,4
2018-03-12 18:04:48,24.5285,M,4
2018-03-12 18:04:49,22.8819,M,77
2018-03-12 18:04:51,23.8932,M,4
2018-03-12 18:04:54,24.9754,M,5
2018-03-12 18:04:56,27.1494,M,74
2018-03-12 18:05:06,33.669,M,60
2018-03-12 18:05:15,32.2126,F,14
2018-03-12 18:05:30,34.3642,M,2
2018-03-12 18:05:32,28.193,M,2
2018-03-12 18:05:34,33.4648,M,34
2018-03-12 18:05:37,27.3172,M,34
2018-03-12 18:05:41,29.927,M,2
2018-03-12 18:05:44,27.5441,F,2
2018-03-12 18:05:46,29.1002,M,2
2018-03-12 18:05:48,22.3022,F,34
2018-03-12 18:05:50,22.2307,F,2
2018-03-12 18:06:19,24.452,F,78
2018-03-12 18:06:27,28.629,F,20